nome,id_aluno,dominio,email,matriculas
MARIA,235,@dominioemail.com.br,maria@dominioemail.com.br,1
ANA,43,@servicodoemail.com,ana@servicodoemail.com,1
FRANCISCA,304,@servicodoemail.com,francisca@servicodoemail.com,5
ANTONIA,156,@dominioemail.com.br,antonia@dominioemail.com.br,5
ADRIANA,343,@servicodoemail.com,adriana@servicodoemail.com,1
JULIANA,310,@servicodoemail.com,juliana@servicodoemail.com,1
MARCIA,55,@dominioemail.com.br,marcia@dominioemail.com.br,3
FERNANDA,288,@servicodoemail.com,fernanda@servicodoemail.com,2
PATRICIA,379,@servicodoemail.com,patricia@servicodoemail.com,1
ALINE,92,@dominioemail.com.br,aline@dominioemail.com.br,1
SANDRA,174,@dominioemail.com.br,sandra@dominioemail.com.br,1
CAMILA,218,@dominioemail.com.br,camila@dominioemail.com.br,7
AMANDA,217,@servicodoemail.com,amanda@servicodoemail.com,1
BRUNA,34,@servicodoemail.com,bruna@servicodoemail.com,3
JESSICA,185,@servicodoemail.com,jessica@servicodoemail.com,5
LETICIA,347,@dominioemail.com.br,leticia@dominioemail.com.br,2
JULIA,191,@servicodoemail.com,julia@servicodoemail.com,1
LUCIANA,163,@dominioemail.com.br,luciana@dominioemail.com.br,2
VANESSA,42,@dominioemail.com.br,vanessa@dominioemail.com.br,1
MARIANA,10,@servicodoemail.com,mariana@servicodoemail.com,4
GABRIELA,200,@dominioemail.com.br,gabriela@dominioemail.com.br,2
VERA,287,@servicodoemail.com,vera@servicodoemail.com,5
VITORIA,80,@servicodoemail.com,vitoria@servicodoemail.com,1
LARISSA,173,@servicodoemail.com,larissa@servicodoemail.com,1
CLAUDIA,16,@servicodoemail.com,claudia@servicodoemail.com,2
BEATRIZ,49,@dominioemail.com.br,beatriz@dominioemail.com.br,1
RITA,12,@dominioemail.com.br,rita@dominioemail.com.br,2
LUANA,240,@servicodoemail.com,luana@servicodoemail.com,2
SONIA,242,@dominioemail.com.br,sonia@dominioemail.com.br,1
RENATA,328,@servicodoemail.com,renata@servicodoemail.com,1
ELIANE,172,@servicodoemail.com,eliane@servicodoemail.com,3
JOSEFA,103,@servicodoemail.com,josefa@servicodoemail.com,1
SIMONE,284,@servicodoemail.com,simone@servicodoemail.com,6
NATALIA,192,@dominioemail.com.br,natalia@dominioemail.com.br,4
CRISTIANE,350,@dominioemail.com.br,cristiane@dominioemail.com.br,1
CARLA,262,@dominioemail.com.br,carla@dominioemail.com.br,3
DEBORA,338,@dominioemail.com.br,debora@dominioemail.com.br,2
ROSANGELA,333,@dominioemail.com.br,rosangela@dominioemail.com.br,1
JAQUELINE,76,@servicodoemail.com,jaqueline@servicodoemail.com,5
ROSA,297,@dominioemail.com.br,rosa@dominioemail.com.br,3
APARECIDA,238,@servicodoemail.com,aparecida@servicodoemail.com,3
DANIELA,296,@servicodoemail.com,daniela@servicodoemail.com,4
MARLENE,268,@servicodoemail.com,marlene@servicodoemail.com,4
TEREZINHA,158,@servicodoemail.com,terezinha@servicodoemail.com,1
RAIMUNDA,259,@servicodoemail.com,raimunda@servicodoemail.com,5
ANDREIA,37,@dominioemail.com.br,andreia@dominioemail.com.br,1
FABIANA,358,@servicodoemail.com,fabiana@servicodoemail.com,4
LUCIA,241,@dominioemail.com.br,lucia@dominioemail.com.br,1
RAQUEL,391,@dominioemail.com.br,raquel@dominioemail.com.br,3
ANGELA,249,@servicodoemail.com,angela@servicodoemail.com,1
RAFAELA,27,@dominioemail.com.br,rafaela@dominioemail.com.br,3
JOANA,102,@dominioemail.com.br,joana@dominioemail.com.br,3
LUZIA,276,@servicodoemail.com,luzia@servicodoemail.com,1
ELAINE,233,@servicodoemail.com,elaine@servicodoemail.com,4
REGINA,281,@dominioemail.com.br,regina@dominioemail.com.br,3
DANIELE,25,@dominioemail.com.br,daniele@dominioemail.com.br,2
SUELI,14,@dominioemail.com.br,sueli@dominioemail.com.br,2
DAIANE,303,@servicodoemail.com,daiane@servicodoemail.com,1
ALESSANDRA,193,@servicodoemail.com,alessandra@servicodoemail.com,1
ISABEL,83,@dominioemail.com.br,isabel@dominioemail.com.br,1
SARA,32,@dominioemail.com.br,sara@dominioemail.com.br,2
BIANCA,21,@servicodoemail.com,bianca@servicodoemail.com,3
FLAVIA,60,@servicodoemail.com,flavia@servicodoemail.com,2
ERICA,228,@servicodoemail.com,erica@servicodoemail.com,1
VIVIANE,396,@servicodoemail.com,viviane@servicodoemail.com,3
SILVANA,278,@dominioemail.com.br,silvana@dominioemail.com.br,3
PRISCILA,122,@servicodoemail.com,priscila@servicodoemail.com,1
PAULA,212,@dominioemail.com.br,paula@dominioemail.com.br,3
LUIZA,108,@servicodoemail.com,luiza@servicodoemail.com,4
TEREZA,151,@servicodoemail.com,tereza@servicodoemail.com,2
ISABELA,73,@dominioemail.com.br,isabela@dominioemail.com.br,1
MARTA,265,@servicodoemail.com,marta@servicodoemail.com,1
CAROLINE,232,@servicodoemail.com,caroline@servicodoemail.com,3
JANAINA,53,@servicodoemail.com,janaina@servicodoemail.com,1
LAURA,246,@servicodoemail.com,laura@servicodoemail.com,1
MARLI,180,@dominioemail.com.br,marli@dominioemail.com.br,1
TATIANE,203,@dominioemail.com.br,tatiane@dominioemail.com.br,4
MARINA,324,@servicodoemail.com,marina@servicodoemail.com,1
SILVIA,115,@servicodoemail.com,silvia@servicodoemail.com,4
MONICA,329,@dominioemail.com.br,monica@dominioemail.com.br,1
TAIS,179,@dominioemail.com.br,tais@dominioemail.com.br,3
MICHELE,253,@dominioemail.com.br,michele@dominioemail.com.br,2
SOLANGE,7,@dominioemail.com.br,solange@dominioemail.com.br,2
EDNA,275,@dominioemail.com.br,edna@dominioemail.com.br,1
FATIMA,126,@servicodoemail.com,fatima@servicodoemail.com,2
HELENA,221,@dominioemail.com.br,helena@dominioemail.com.br,1
CRISTINA,381,@dominioemail.com.br,cristina@dominioemail.com.br,1
ALICE,273,@servicodoemail.com,alice@servicodoemail.com,3
CAROLINA,96,@servicodoemail.com,carolina@servicodoemail.com,2
ROSANA,166,@servicodoemail.com,rosana@servicodoemail.com,2
ANDRESSA,213,@servicodoemail.com,andressa@servicodoemail.com,4
CELIA,367,@dominioemail.com.br,celia@dominioemail.com.br,1
VALERIA,377,@dominioemail.com.br,valeria@dominioemail.com.br,1
ELIANA,372,@servicodoemail.com,eliana@servicodoemail.com,2
SABRINA,1,@dominioemail.com.br,sabrina@dominioemail.com.br,1
ANDREA,292,@dominioemail.com.br,andrea@dominioemail.com.br,2
TANIA,211,@servicodoemail.com,tania@servicodoemail.com,4
BARBARA,201,@servicodoemail.com,barbara@servicodoemail.com,2
THAIS,148,@servicodoemail.com,thais@servicodoemail.com,5
DENISE,39,@servicodoemail.com,denise@servicodoemail.com,1
ROSELI,171,@dominioemail.com.br,roseli@dominioemail.com.br,3
GISELE,298,@servicodoemail.com,gisele@servicodoemail.com,2
MARILENE,149,@dominioemail.com.br,marilene@dominioemail.com.br,1
KATIA,145,@servicodoemail.com,katia@servicodoemail.com,1
EVA,13,@servicodoemail.com,eva@servicodoemail.com,1
MILENA,371,@dominioemail.com.br,milena@dominioemail.com.br,2
EDUARDA,342,@servicodoemail.com,eduarda@servicodoemail.com,3
ELISANGELA,56,@dominioemail.com.br,elisangela@dominioemail.com.br,1
VILMA,31,@servicodoemail.com,vilma@servicodoemail.com,1
GEOVANA,300,@dominioemail.com.br,geovana@dominioemail.com.br,1
LUCIENE,22,@dominioemail.com.br,luciene@dominioemail.com.br,5
TAMIRES,121,@dominioemail.com.br,tamires@dominioemail.com.br,1
TATIANA,161,@dominioemail.com.br,tatiana@dominioemail.com.br,3
ROBERTA,143,@dominioemail.com.br,roberta@dominioemail.com.br,1
ELZA,380,@dominioemail.com.br,elza@dominioemail.com.br,2
TALITA,94,@dominioemail.com.br,talita@dominioemail.com.br,2
MARCELA,261,@servicodoemail.com,marcela@servicodoemail.com,1
PAMELA,189,@dominioemail.com.br,pamela@dominioemail.com.br,1
VANIA,285,@dominioemail.com.br,vania@dominioemail.com.br,12
IRENE,190,@dominioemail.com.br,irene@dominioemail.com.br,2
JOSIANE,178,@servicodoemail.com,josiane@servicodoemail.com,1
LIVIA,106,@dominioemail.com.br,livia@dominioemail.com.br,2
CINTIA,6,@dominioemail.com.br,cintia@dominioemail.com.br,1
IVONE,289,@servicodoemail.com,ivone@servicodoemail.com,2
LAIS,280,@dominioemail.com.br,lais@dominioemail.com.br,2
BENEDITA,20,@dominioemail.com.br,benedita@dominioemail.com.br,1
SEBASTIANA,30,@dominioemail.com.br,sebastiana@dominioemail.com.br,1
TAINA,79,@servicodoemail.com,taina@servicodoemail.com,1
JOICE,357,@servicodoemail.com,joice@servicodoemail.com,3
MIRIAN,135,@dominioemail.com.br,mirian@dominioemail.com.br,5
ELIZABETE,197,@servicodoemail.com,elizabete@servicodoemail.com,1
ANGELICA,370,@dominioemail.com.br,angelica@dominioemail.com.br,2
GABRIELE,72,@dominioemail.com.br,gabriele@dominioemail.com.br,1
BRENDA,95,@servicodoemail.com,brenda@servicodoemail.com,1
VERONICA,274,@dominioemail.com.br,veronica@dominioemail.com.br,1
ROSILENE,387,@servicodoemail.com,rosilene@servicodoemail.com,2
KARINA,36,@dominioemail.com.br,karina@dominioemail.com.br,2
NAIR,129,@servicodoemail.com,nair@servicodoemail.com,1
NEUSA,75,@dominioemail.com.br,neusa@dominioemail.com.br,1
MARGARIDA,54,@dominioemail.com.br,margarida@dominioemail.com.br,5
NEUZA,23,@servicodoemail.com,neuza@servicodoemail.com,1
NEIDE,325,@dominioemail.com.br,neide@dominioemail.com.br,1
RAISSA,286,@servicodoemail.com,raissa@servicodoemail.com,1
MAIARA,301,@dominioemail.com.br,maiara@dominioemail.com.br,4
LORENA,91,@servicodoemail.com,lorena@servicodoemail.com,2
FRANCIELE,316,@dominioemail.com.br,franciele@dominioemail.com.br,2
SAMARA,352,@servicodoemail.com,samara@servicodoemail.com,1
LILIAN,397,@dominioemail.com.br,lilian@dominioemail.com.br,1
JANETE,334,@dominioemail.com.br,janete@dominioemail.com.br,1
CICERA,399,@servicodoemail.com,cicera@servicodoemail.com,3
GIOVANA,176,@servicodoemail.com,giovana@servicodoemail.com,2
SEVERINA,5,@dominioemail.com.br,severina@dominioemail.com.br,1
LARA,160,@dominioemail.com.br,lara@dominioemail.com.br,1
CLEIDE,368,@servicodoemail.com,cleide@servicodoemail.com,1
NICOLE,182,@dominioemail.com.br,nicole@dominioemail.com.br,2
CECILIA,144,@dominioemail.com.br,cecilia@dominioemail.com.br,2
YASMIN,386,@servicodoemail.com,yasmin@servicodoemail.com,2
CONCEICAO,153,@dominioemail.com.br,conceicao@dominioemail.com.br,4
INGRID,81,@dominioemail.com.br,ingrid@dominioemail.com.br,3
SELMA,118,@dominioemail.com.br,selma@dominioemail.com.br,3
LEILA,157,@servicodoemail.com,leila@servicodoemail.com,2
RAIANE,247,@servicodoemail.com,raiane@servicodoemail.com,1
ESTER,202,@servicodoemail.com,ester@servicodoemail.com,1
REGIANE,308,@dominioemail.com.br,regiane@dominioemail.com.br,5
MARISA,105,@servicodoemail.com,marisa@servicodoemail.com,1
EUNICE,62,@servicodoemail.com,eunice@servicodoemail.com,2
KELLY,109,@dominioemail.com.br,kelly@dominioemail.com.br,3
TAINARA,128,@servicodoemail.com,tainara@servicodoemail.com,1
IARA,82,@servicodoemail.com,iara@servicodoemail.com,6
JOELMA,394,@dominioemail.com.br,joelma@dominioemail.com.br,4
MARINALVA,243,@dominioemail.com.br,marinalva@dominioemail.com.br,1
TERESINHA,45,@dominioemail.com.br,teresinha@dominioemail.com.br,1
REBECA,165,@servicodoemail.com,rebeca@servicodoemail.com,4
GERALDA,314,@servicodoemail.com,geralda@servicodoemail.com,1
CLEONICE,90,@servicodoemail.com,cleonice@servicodoemail.com,1
ALEXANDRA,317,@servicodoemail.com,alexandra@servicodoemail.com,2
MARA,375,@servicodoemail.com,mara@servicodoemail.com,1
JENIFER,353,@servicodoemail.com,jenifer@servicodoemail.com,2
ELIZANGELA,250,@dominioemail.com.br,elizangela@dominioemail.com.br,2
LILIANE,299,@dominioemail.com.br,liliane@dominioemail.com.br,2
LIDIA,167,@dominioemail.com.br,lidia@dominioemail.com.br,1
IRACEMA,168,@dominioemail.com.br,iracema@dominioemail.com.br,3
LIDIANE,389,@servicodoemail.com,lidiane@servicodoemail.com,6
IRACI,8,@dominioemail.com.br,iraci@dominioemail.com.br,1
MARILIA,282,@dominioemail.com.br,marilia@dominioemail.com.br,4
SHEILA,116,@dominioemail.com.br,sheila@dominioemail.com.br,1
INES,319,@servicodoemail.com,ines@servicodoemail.com,1
NAIARA,229,@dominioemail.com.br,naiara@dominioemail.com.br,3
POLIANA,369,@servicodoemail.com,poliana@servicodoemail.com,1
DALVA,137,@dominioemail.com.br,dalva@dominioemail.com.br,1
LURDES,346,@dominioemail.com.br,lurdes@dominioemail.com.br,1
TERESA,264,@dominioemail.com.br,teresa@dominioemail.com.br,1
ZILDA,237,@servicodoemail.com,zilda@servicodoemail.com,1
LUCILENE,146,@dominioemail.com.br,lucilene@dominioemail.com.br,2
CLARA,277,@servicodoemail.com,clara@servicodoemail.com,1
ROSANE,227,@dominioemail.com.br,rosane@dominioemail.com.br,1
IVONETE,222,@dominioemail.com.br,ivonete@dominioemail.com.br,2
LUCIANE,50,@dominioemail.com.br,luciane@dominioemail.com.br,1
ISADORA,38,@dominioemail.com.br,isadora@dominioemail.com.br,8
NILZA,35,@dominioemail.com.br,nilza@dominioemail.com.br,1
JOSE,331,@servicodoemail.com,jose@servicodoemail.com,2
JOAO,24,@servicodoemail.com,joao@servicodoemail.com,3
ANTONIO,205,@dominioemail.com.br,antonio@dominioemail.com.br,1
FRANCISCO,382,@servicodoemail.com,francisco@servicodoemail.com,1
CARLOS,230,@servicodoemail.com,carlos@servicodoemail.com,1
PAULO,11,@servicodoemail.com,paulo@servicodoemail.com,1
PEDRO,67,@dominioemail.com.br,pedro@dominioemail.com.br,2
LUCAS,29,@servicodoemail.com,lucas@servicodoemail.com,2
LUIZ,208,@servicodoemail.com,luiz@servicodoemail.com,1
MARCOS,390,@servicodoemail.com,marcos@servicodoemail.com,1
LUIS,125,@dominioemail.com.br,luis@dominioemail.com.br,2
GABRIEL,219,@servicodoemail.com,gabriel@servicodoemail.com,3
RAFAEL,162,@servicodoemail.com,rafael@servicodoemail.com,2
DANIEL,195,@servicodoemail.com,daniel@servicodoemail.com,1
MARCELO,138,@dominioemail.com.br,marcelo@dominioemail.com.br,4
BRUNO,293,@dominioemail.com.br,bruno@dominioemail.com.br,1
EDUARDO,224,@dominioemail.com.br,eduardo@dominioemail.com.br,1
FELIPE,113,@servicodoemail.com,felipe@servicodoemail.com,2
RAIMUNDO,70,@dominioemail.com.br,raimundo@dominioemail.com.br,3
RODRIGO,133,@dominioemail.com.br,rodrigo@dominioemail.com.br,2
MANOEL,101,@servicodoemail.com,manoel@servicodoemail.com,2
MATEUS,309,@dominioemail.com.br,mateus@dominioemail.com.br,1
ANDRE,311,@dominioemail.com.br,andre@dominioemail.com.br,1
FERNANDO,321,@dominioemail.com.br,fernando@dominioemail.com.br,1
FABIO,400,@servicodoemail.com,fabio@servicodoemail.com,3
LEONARDO,236,@servicodoemail.com,leonardo@servicodoemail.com,5
GUSTAVO,86,@servicodoemail.com,gustavo@servicodoemail.com,2
GUILHERME,327,@dominioemail.com.br,guilherme@dominioemail.com.br,1
LEANDRO,302,@servicodoemail.com,leandro@servicodoemail.com,2
TIAGO,267,@dominioemail.com.br,tiago@dominioemail.com.br,1
ANDERSON,111,@servicodoemail.com,anderson@servicodoemail.com,1
RICARDO,336,@servicodoemail.com,ricardo@servicodoemail.com,12
MARCIO,322,@dominioemail.com.br,marcio@dominioemail.com.br,2
JORGE,330,@servicodoemail.com,jorge@servicodoemail.com,2
SEBASTIAO,152,@servicodoemail.com,sebastiao@servicodoemail.com,4
ALEXANDRE,188,@servicodoemail.com,alexandre@servicodoemail.com,1
ROBERTO,364,@dominioemail.com.br,roberto@dominioemail.com.br,2
EDSON,123,@servicodoemail.com,edson@servicodoemail.com,1
DIEGO,294,@dominioemail.com.br,diego@dominioemail.com.br,1
VITOR,132,@servicodoemail.com,vitor@servicodoemail.com,2
SERGIO,139,@servicodoemail.com,sergio@servicodoemail.com,2
CLAUDIO,204,@servicodoemail.com,claudio@servicodoemail.com,1
MATHEUS,93,@servicodoemail.com,matheus@servicodoemail.com,1
THIAGO,339,@dominioemail.com.br,thiago@dominioemail.com.br,1
GERALDO,318,@dominioemail.com.br,geraldo@dominioemail.com.br,2
ADRIANO,196,@servicodoemail.com,adriano@servicodoemail.com,3
LUCIANO,63,@dominioemail.com.br,luciano@dominioemail.com.br,4
JULIO,210,@dominioemail.com.br,julio@dominioemail.com.br,1
RENATO,384,@servicodoemail.com,renato@servicodoemail.com,5
ALEX,337,@dominioemail.com.br,alex@dominioemail.com.br,3
VINICIUS,183,@servicodoemail.com,vinicius@servicodoemail.com,1
ROGERIO,175,@dominioemail.com.br,rogerio@dominioemail.com.br,1
SAMUEL,220,@dominioemail.com.br,samuel@dominioemail.com.br,1
RONALDO,356,@servicodoemail.com,ronaldo@servicodoemail.com,1
MARIO,164,@dominioemail.com.br,mario@dominioemail.com.br,1
FLAVIO,186,@dominioemail.com.br,flavio@dominioemail.com.br,1
DOUGLAS,46,@dominioemail.com.br,douglas@dominioemail.com.br,1
IGOR,345,@servicodoemail.com,igor@servicodoemail.com,2
DAVI,131,@servicodoemail.com,davi@servicodoemail.com,1
MANUEL,51,@dominioemail.com.br,manuel@dominioemail.com.br,2
JEFERSON,98,@servicodoemail.com,jeferson@servicodoemail.com,2
CICERO,198,@dominioemail.com.br,cicero@dominioemail.com.br,1
VICTOR,216,@servicodoemail.com,victor@servicodoemail.com,1
MIGUEL,239,@dominioemail.com.br,miguel@dominioemail.com.br,2
ROBSON,290,@dominioemail.com.br,robson@dominioemail.com.br,4
MAURICIO,395,@servicodoemail.com,mauricio@servicodoemail.com,1
DANILO,348,@dominioemail.com.br,danilo@dominioemail.com.br,3
HENRIQUE,64,@dominioemail.com.br,henrique@dominioemail.com.br,3
CAIO,283,@dominioemail.com.br,caio@dominioemail.com.br,1
REGINALDO,170,@servicodoemail.com,reginaldo@servicodoemail.com,1
JOAQUIM,248,@servicodoemail.com,joaquim@servicodoemail.com,2
BENEDITO,258,@dominioemail.com.br,benedito@dominioemail.com.br,3
GILBERTO,252,@dominioemail.com.br,gilberto@dominioemail.com.br,4
MARCO,270,@servicodoemail.com,marco@servicodoemail.com,1
ALAN,355,@dominioemail.com.br,alan@dominioemail.com.br,2
NELSON,392,@dominioemail.com.br,nelson@dominioemail.com.br,1
CRISTIANO,154,@servicodoemail.com,cristiano@servicodoemail.com,1
ELIAS,360,@dominioemail.com.br,elias@dominioemail.com.br,3
WILSON,41,@dominioemail.com.br,wilson@dominioemail.com.br,1
VALDIR,307,@servicodoemail.com,valdir@servicodoemail.com,1
EMERSON,373,@dominioemail.com.br,emerson@dominioemail.com.br,3
LUAN,66,@dominioemail.com.br,luan@dominioemail.com.br,1
DAVID,207,@dominioemail.com.br,david@dominioemail.com.br,2
RENAN,9,@dominioemail.com.br,renan@dominioemail.com.br,3
SEVERINO,78,@dominioemail.com.br,severino@dominioemail.com.br,1
FABRICIO,59,@dominioemail.com.br,fabricio@dominioemail.com.br,2
MAURO,251,@servicodoemail.com,mauro@servicodoemail.com,3
JONAS,120,@dominioemail.com.br,jonas@dominioemail.com.br,3
GILMAR,142,@servicodoemail.com,gilmar@servicodoemail.com,4
JEAN,89,@dominioemail.com.br,jean@dominioemail.com.br,1
FABIANO,365,@servicodoemail.com,fabiano@servicodoemail.com,2
WESLEY,255,@dominioemail.com.br,wesley@dominioemail.com.br,1
DIOGO,61,@servicodoemail.com,diogo@servicodoemail.com,2
ADILSON,257,@dominioemail.com.br,adilson@dominioemail.com.br,3
JAIR,344,@dominioemail.com.br,jair@dominioemail.com.br,1
ALESSANDRO,47,@servicodoemail.com,alessandro@servicodoemail.com,2
EVERTON,87,@servicodoemail.com,everton@servicodoemail.com,3
OSVALDO,110,@servicodoemail.com,osvaldo@servicodoemail.com,5
GILSON,134,@dominioemail.com.br,gilson@dominioemail.com.br,2
WILLIAN,17,@servicodoemail.com,willian@servicodoemail.com,1
JOEL,194,@dominioemail.com.br,joel@dominioemail.com.br,1
SILVIO,363,@dominioemail.com.br,silvio@dominioemail.com.br,4
HELIO,117,@dominioemail.com.br,helio@dominioemail.com.br,1
MAICON,295,@servicodoemail.com,maicon@servicodoemail.com,4
REINALDO,28,@servicodoemail.com,reinaldo@servicodoemail.com,1
PABLO,141,@dominioemail.com.br,pablo@dominioemail.com.br,6
ARTUR,199,@servicodoemail.com,artur@servicodoemail.com,1
VAGNER,15,@servicodoemail.com,vagner@servicodoemail.com,4
VALTER,88,@servicodoemail.com,valter@servicodoemail.com,2
CELSO,266,@servicodoemail.com,celso@servicodoemail.com,2
IVAN,263,@dominioemail.com.br,ivan@dominioemail.com.br,6
CLEITON,223,@dominioemail.com.br,cleiton@dominioemail.com.br,5
VANDERLEI,244,@servicodoemail.com,vanderlei@servicodoemail.com,3
VICENTE,260,@servicodoemail.com,vicente@servicodoemail.com,2
ARTHUR,320,@dominioemail.com.br,arthur@dominioemail.com.br,2
MILTON,104,@servicodoemail.com,milton@servicodoemail.com,1
DOMINGOS,150,@servicodoemail.com,domingos@servicodoemail.com,1
WAGNER,140,@servicodoemail.com,wagner@servicodoemail.com,1
SANDRO,68,@dominioemail.com.br,sandro@dominioemail.com.br,1
MOISES,4,@servicodoemail.com,moises@servicodoemail.com,1
EDILSON,57,@servicodoemail.com,edilson@servicodoemail.com,1
ADEMIR,305,@servicodoemail.com,ademir@servicodoemail.com,3
ADAO,234,@dominioemail.com.br,adao@dominioemail.com.br,1
EVANDRO,52,@dominioemail.com.br,evandro@dominioemail.com.br,2
CESAR,2,@dominioemail.com.br,cesar@dominioemail.com.br,1
VALMIR,19,@dominioemail.com.br,valmir@dominioemail.com.br,2
MURILO,269,@dominioemail.com.br,murilo@dominioemail.com.br,1
JULIANO,374,@dominioemail.com.br,juliano@dominioemail.com.br,1
EDVALDO,313,@servicodoemail.com,edvaldo@servicodoemail.com,3
AILTON,26,@servicodoemail.com,ailton@servicodoemail.com,1
JUNIOR,184,@dominioemail.com.br,junior@dominioemail.com.br,4
BRENO,187,@dominioemail.com.br,breno@dominioemail.com.br,1
NICOLAS,44,@dominioemail.com.br,nicolas@dominioemail.com.br,5
RUAN,130,@servicodoemail.com,ruan@servicodoemail.com,1
ALBERTO,245,@dominioemail.com.br,alberto@dominioemail.com.br,1
RUBENS,256,@dominioemail.com.br,rubens@dominioemail.com.br,2
NILTON,271,@dominioemail.com.br,nilton@dominioemail.com.br,5
AUGUSTO,376,@dominioemail.com.br,augusto@dominioemail.com.br,1
CLEBER,155,@dominioemail.com.br,cleber@dominioemail.com.br,3
OSMAR,71,@dominioemail.com.br,osmar@dominioemail.com.br,2
NILSON,361,@servicodoemail.com,nilson@servicodoemail.com,2
ORLANDO,159,@servicodoemail.com,orlando@servicodoemail.com,8
HUGO,378,@servicodoemail.com,hugo@servicodoemail.com,1
OTAVIO,272,@servicodoemail.com,otavio@servicodoemail.com,1
VINICIOS,147,@servicodoemail.com,vinicios@servicodoemail.com,2
ITALO,206,@dominioemail.com.br,italo@dominioemail.com.br,2
WILIAN,279,@servicodoemail.com,wilian@servicodoemail.com,1
ALISSON,315,@dominioemail.com.br,alisson@dominioemail.com.br,2
APARECIDO,332,@dominioemail.com.br,aparecido@dominioemail.com.br,1
ISRAEL,65,@dominioemail.com.br,israel@dominioemail.com.br,1
EDMILSON,326,@dominioemail.com.br,edmilson@dominioemail.com.br,1
JOSUE,393,@dominioemail.com.br,josue@dominioemail.com.br,3
GERSON,169,@dominioemail.com.br,gerson@dominioemail.com.br,5
CAUA,77,@dominioemail.com.br,caua@dominioemail.com.br,3
SIDNEI,291,@servicodoemail.com,sidnei@servicodoemail.com,1
EMANUEL,351,@servicodoemail.com,emanuel@servicodoemail.com,1
VALDEMAR,119,@dominioemail.com.br,valdemar@dominioemail.com.br,2
JAIME,214,@servicodoemail.com,jaime@servicodoemail.com,1
EDIVALDO,354,@dominioemail.com.br,edivaldo@dominioemail.com.br,1
ARNALDO,359,@servicodoemail.com,arnaldo@servicodoemail.com,1
MOACIR,181,@dominioemail.com.br,moacir@dominioemail.com.br,2
DAMIAO,349,@servicodoemail.com,damiao@servicodoemail.com,4
ISMAEL,100,@servicodoemail.com,ismael@servicodoemail.com,1
NIVALDO,362,@servicodoemail.com,nivaldo@servicodoemail.com,2
JAIRO,136,@dominioemail.com.br,jairo@dominioemail.com.br,2
ISAIAS,177,@dominioemail.com.br,isaias@dominioemail.com.br,1
MICHEL,385,@servicodoemail.com,michel@servicodoemail.com,1
ANGELO,85,@servicodoemail.com,angelo@servicodoemail.com,2
CRISTIAN,398,@servicodoemail.com,cristian@servicodoemail.com,3
WELLINGTON,40,@servicodoemail.com,wellington@servicodoemail.com,1
ALEXANDRO,341,@servicodoemail.com,alexandro@servicodoemail.com,4
VALDEMIR,3,@dominioemail.com.br,valdemir@dominioemail.com.br,3
WANDERSON,312,@dominioemail.com.br,wanderson@dominioemail.com.br,1
JAILSON,306,@dominioemail.com.br,jailson@dominioemail.com.br,3
DENIS,69,@servicodoemail.com,denis@servicodoemail.com,3
RIAN,209,@dominioemail.com.br,rian@dominioemail.com.br,1
CELIO,388,@servicodoemail.com,celio@servicodoemail.com,1
CLAUDINEI,254,@servicodoemail.com,claudinei@servicodoemail.com,1
DENILSON,335,@servicodoemail.com,denilson@servicodoemail.com,4
IAGO,340,@dominioemail.com.br,iago@dominioemail.com.br,2
EDER,112,@servicodoemail.com,eder@servicodoemail.com,2
YURI,225,@servicodoemail.com,yuri@servicodoemail.com,1
CHARLES,33,@servicodoemail.com,charles@servicodoemail.com,3
MARLON,74,@servicodoemail.com,marlon@servicodoemail.com,3
ALISON,48,@servicodoemail.com,alison@servicodoemail.com,4
JONATAN,127,@servicodoemail.com,jonatan@servicodoemail.com,2
ERIC,114,@servicodoemail.com,eric@servicodoemail.com,4
ELTON,97,@dominioemail.com.br,elton@dominioemail.com.br,4
VALDECIR,226,@servicodoemail.com,valdecir@servicodoemail.com,1
WESLEI,215,@servicodoemail.com,weslei@servicodoemail.com,2
NATANAEL,58,@servicodoemail.com,natanael@servicodoemail.com,1
ERICK,124,@dominioemail.com.br,erick@dominioemail.com.br,2
AGNALDO,107,@servicodoemail.com,agnaldo@servicodoemail.com,4
KAUAN,84,@servicodoemail.com,kauan@servicodoemail.com,1
ODAIR,18,@dominioemail.com.br,odair@dominioemail.com.br,3
WALTER,231,@dominioemail.com.br,walter@dominioemail.com.br,1
ARLINDO,99,@servicodoemail.com,arlindo@servicodoemail.com,4
MICHAEL,323,@dominioemail.com.br,michael@dominioemail.com.br,5
ALVARO,383,@dominioemail.com.br,alvaro@dominioemail.com.br,1
GEOVANE,366,@servicodoemail.com,geovane@servicodoemail.com,2
